{"train_time": 137.75317001342773, "test_auc": 0.8668565319697723, "test_time": 0.980987548828125}