{"train_time": 181.08783388137817, "test_auc": 0.8402818333333333, "test_time": 1.3560025691986084}