{"train_time": 12.786950588226318, "test_auc": 0.49124949124949124, "test_time": 0.07999944686889648, "test_scores": [[0, 0, 0.006937382277101278], [1, 1, 0.025376740843057632], [2, 0, 0.0012380992993712425], [3, 0, 0.002825038507580757], [4, 0, 0.0057217879220843315], [5, 1, 0.005172071047127247], [6, 0, 0.006759548094123602], [7, 1, 0.004306681454181671], [8, 0, 0.0024048248305916786], [9, 1, 0.082215316593647], [10, 0, 0.008123420178890228], [11, 1, 0.002156150061637163], [12, 0, 0.007476789876818657], [13, 0, 0.010111735202372074], [14, 1, 0.005683226510882378], [15, 1, 0.03374602273106575], [16, 1, 0.009462544694542885], [17, 0, 0.030858300626277924], [18, 1, 0.002342167077586055], [19, 0, 0.0016545699909329414], [20, 0, 0.0050672804936766624], [21, 0, 0.02372816577553749], [22, 0, 0.006063545122742653], [23, 0, 0.00862011220306158], [24, 0, 0.0031597651541233063], [25, 0, 0.01027399767190218], [26, 0, 0.0069824811071157455], [27, 0, 0.1315428614616394], [28, 0, 0.0009399220580235124], [29, 1, 0.01829874888062477], [30, 0, 0.004382639657706022], [31, 1, 0.019012894481420517], [32, 1, 0.007222360000014305], [33, 1, 0.006830125115811825], [34, 0, 0.00619478477165103], [35, 1, 0.01256432756781578], [36, 0, 0.0036970293149352074], [37, 1, 0.005236354656517506], [38, 0, 0.002225746400654316], [39, 0, 0.03963472694158554], [40, 0, 0.0036414272617548704], [41, 0, 0.015172137878835201], [42, 0, 0.005207139067351818], [43, 1, 0.024117469787597656], [44, 0, 0.008296424522995949], [45, 0, 0.007719282992184162], [46, 0, 0.009972520172595978], [47, 0, 0.002474405337125063], [48, 1, 0.0033537899143993855], [49, 0, 0.011796412989497185], [50, 0, 0.0034769955091178417], [51, 1, 0.009189911186695099], [52, 1, 0.013485395349562168], [53, 1, 0.0457923598587513], [54, 0, 0.004925488959997892], [55, 1, 0.016657108440995216], [56, 0, 0.0019787675701081753], [57, 1, 0.050413697957992554], [58, 1, 0.003059225156903267], [59, 1, 0.010284936055541039], [60, 0, 0.009304605424404144], [61, 1, 0.014932896010577679], [62, 1, 0.0035060993395745754], [63, 1, 0.010232824832201004], [64, 1, 0.005401907488703728], [65, 1, 0.007898079231381416], [66, 0, 0.0015911809168756008], [67, 1, 0.0021611773408949375], [68, 0, 0.002199290320277214], [69, 0, 0.006220897659659386], [70, 1, 0.006416600197553635], [71, 1, 0.005803272593766451], [72, 1, 0.004853704944252968], [73, 1, 0.003916864283382893], [74, 0, 0.006230635102838278], [75, 0, 0.023902609944343567], [76, 1, 0.007741756737232208], [77, 0, 0.12675464153289795], [78, 1, 0.0037569303531199694], [79, 0, 0.022183790802955627], [80, 1, 0.00405491515994072], [81, 0, 0.005826391279697418], [82, 1, 0.015734758228063583], [83, 0, 0.014909114688634872], [84, 0, 0.0026786895468831062], [85, 0, 0.0035547856241464615], [86, 1, 0.0008945536101236939], [87, 1, 0.0015056986594572663], [88, 0, 0.013494238257408142], [89, 1, 0.012027609162032604], [90, 1, 0.006521919276565313], [91, 1, 0.002360752783715725], [92, 0, 0.016758330166339874], [93, 0, 0.005178007762879133], [94, 1, 0.004138515330851078], [95, 0, 0.012266537174582481], [96, 1, 0.0015778818633407354], [97, 1, 0.0008578937267884612], [98, 1, 0.0025369152426719666], [99, 0, 0.043757081031799316], [100, 1, 0.007658225018531084], [101, 1, 0.002487382385879755], [102, 1, 0.0028184172697365284], [103, 1, 0.004457731265574694], [104, 1, 0.00207417830824852], [105, 0, 0.0017737157177180052], [106, 0, 0.007095889654010534], [107, 0, 0.0030006689485162497], [108, 0, 0.008286253549158573], [109, 0, 0.005513032432645559], [110, 1, 0.0030952710658311844], [111, 1, 0.017618907615542412], [112, 1, 0.0053372373804450035], [113, 0, 0.006392927840352058], [114, 0, 0.0009087864309549332], [115, 1, 0.0008927054586820304], [116, 1, 0.008022379130125046], [117, 1, 0.002066780114546418], [118, 1, 0.0015952233225107193], [119, 0, 0.004635998979210854], [120, 1, 0.011021846905350685], [121, 1, 0.0047707888297736645], [122, 1, 0.0059339264407753944], [123, 0, 0.004428412299603224], [124, 1, 0.0033035604283213615], [125, 0, 0.006600470747798681], [126, 0, 0.004315054975450039], [127, 1, 0.00303886691108346], [128, 1, 0.0004905977984890342], [129, 1, 0.0007328828796744347], [130, 0, 0.012304205447435379], [131, 0, 0.0028572790324687958], [132, 0, 0.003233220661059022], [133, 0, 0.013923656195402145], [134, 0, 0.0017560336273163557], [135, 1, 0.013348937034606934], [136, 1, 0.005667723249644041], [137, 0, 0.022539809346199036], [138, 0, 0.0011584024177864194], [139, 1, 0.0007231541094370186], [140, 1, 0.005535219796001911], [141, 1, 0.007797377649694681], [142, 1, 0.003560543991625309], [143, 0, 0.02308925800025463], [144, 1, 0.002114738104864955], [145, 0, 0.005484462715685368], [146, 0, 0.0013961938675493002], [147, 0, 0.0034420285373926163], [148, 0, 0.002039588987827301], [149, 0, 0.02441907674074173], [150, 0, 0.005091454833745956], [151, 0, 0.035855986177921295], [152, 1, 0.003743681125342846], [153, 1, 0.06992803514003754], [154, 1, 0.0007385248900391161], [155, 1, 0.0010394563432782888], [156, 0, 0.01075020618736744], [157, 1, 0.040755875408649445], [158, 0, 0.011464366689324379], [159, 1, 0.008820748887956142], [160, 0, 0.005697641056030989], [161, 0, 0.02302539348602295], [162, 0, 0.002412743866443634], [163, 0, 0.0029235989786684513], [164, 0, 0.009635101072490215], [165, 1, 0.13050055503845215], [166, 0, 0.00261224084533751], [167, 0, 0.0030423561111092567], [168, 0, 0.004564372356981039], [169, 0, 0.0132334865629673], [170, 1, 0.008735892362892628], [171, 0, 0.0246993787586689], [172, 0, 0.0010594605701044202], [173, 0, 0.001171224401332438], [174, 1, 0.00356882787309587], [175, 1, 0.019329197704792023], [176, 0, 0.0013634839560836554], [177, 1, 0.0013952103909105062], [178, 0, 0.0024920825380831957], [179, 1, 0.0035814703442156315], [180, 1, 0.001595336478203535], [181, 1, 0.011396018788218498], [182, 0, 0.004883828107267618], [183, 1, 0.21971434354782104], [184, 1, 0.0071339840069413185], [185, 1, 0.05186198279261589], [186, 1, 0.004022713750600815], [187, 1, 0.0019840046297758818], [188, 1, 0.005474003031849861], [189, 0, 0.036956630647182465], [190, 0, 0.004471404477953911], [191, 1, 0.005439773201942444], [192, 1, 0.0027890531346201897], [193, 0, 0.003416472114622593], [194, 1, 0.004331930540502071], [195, 0, 0.02227548137307167], [196, 1, 0.027109960094094276], [197, 0, 0.0073718903586268425], [198, 0, 0.002003441099077463], [199, 0, 0.0027124686166644096], [200, 1, 0.0010688863694667816], [201, 0, 0.001480091828852892], [202, 0, 0.0011656330898404121], [203, 0, 0.0050739627331495285], [204, 0, 0.00316919875331223], [205, 1, 0.0008779832860454917], [206, 1, 0.005094252061098814], [207, 0, 0.004616019316017628], [208, 0, 0.006499832030385733], [209, 0, 0.0279608815908432], [210, 0, 0.003913651220500469], [211, 1, 0.01020866259932518], [212, 0, 0.002900734543800354], [213, 0, 0.011076977476477623], [214, 0, 0.0035355668514966965], [215, 1, 0.01229613646864891], [216, 0, 0.002650829730555415], [217, 1, 0.0034584812819957733], [218, 1, 0.0017897969810292125], [219, 0, 0.0014906830620020628], [220, 1, 0.0006334371864795685], [221, 0, 0.0019159241346642375]]}